profile_url,profile,last_updated
https://www.linkedin.com/in/darya-mazandarany-0078975,,
https://www.linkedin.com/in/dave-dadoun-02003425,,
https://www.linkedin.com/in/bhawanikatyal,,
https://www.linkedin.com/in/bill-campman-a84b8b5,,
https://www.linkedin.com/in/bill-spencer-5913765,,
https://www.linkedin.com/in/davidqiao,,
https://www.linkedin.com/in/debinanda,,
https://www.linkedin.com/in/debra-epperson-29ba6915,,
https://www.linkedin.com/in/deepads,,
https://www.linkedin.com/in/deepthihari,,
